<?xml version="1.0" encoding="UTF-8"?>
<mule xmlns:json="http://www.mulesoft.org/schema/mule/json" xmlns:tracking="http://www.mulesoft.org/schema/mule/ee/tracking" xmlns:dw="http://www.mulesoft.org/schema/mule/ee/dw" xmlns:metadata="http://www.mulesoft.org/schema/mule/metadata" xmlns="http://www.mulesoft.org/schema/mule/core" xmlns:apikit="http://www.mulesoft.org/schema/mule/apikit" xmlns:db="http://www.mulesoft.org/schema/mule/db" xmlns:doc="http://www.mulesoft.org/schema/mule/documentation" xmlns:http="http://www.mulesoft.org/schema/mule/http" xmlns:spring="http://www.springframework.org/schema/beans" xmlns:xsi="http://www.w3.org/2001/XMLSchema-instance" xsi:schemaLocation="http://www.mulesoft.org/schema/mule/core http://www.mulesoft.org/schema/mule/core/current/mule.xsd
http://www.mulesoft.org/schema/mule/http http://www.mulesoft.org/schema/mule/http/current/mule-http.xsd
http://www.mulesoft.org/schema/mule/apikit http://www.mulesoft.org/schema/mule/apikit/current/mule-apikit.xsd
http://www.springframework.org/schema/beans http://www.springframework.org/schema/beans/spring-beans-3.1.xsd
http://www.mulesoft.org/schema/mule/db http://www.mulesoft.org/schema/mule/db/current/mule-db.xsd
http://www.mulesoft.org/schema/mule/ee/dw http://www.mulesoft.org/schema/mule/ee/dw/current/dw.xsd
http://www.mulesoft.org/schema/mule/ee/tracking http://www.mulesoft.org/schema/mule/ee/tracking/current/mule-tracking-ee.xsd
http://www.mulesoft.org/schema/mule/json http://www.mulesoft.org/schema/mule/json/current/mule-json.xsd">
    <http:listener-config name="customer-httpListenerConfig" host="${http.host}" port="${http.port}" doc:name="HTTP Listener Configuration" />
    <apikit:config name="customer-config1" raml="customer.raml" consoleEnabled="false" doc:name="Router" keepRamlBaseUri="false">
        <apikit:flow-mapping resource="/customers" action="get" flow-ref="get:/customers:customer-config"/>
        <apikit:flow-mapping resource="/customers/{id}" action="get" flow-ref="get:/customers/{id}:customer-config"/>
        <apikit:flow-mapping resource="/customers" action="post" content-type="application/json" flow-ref="post:/customers:customer-config"/>
        <apikit:flow-mapping resource="/customers/{id}" action="put" content-type="application/json" flow-ref="put:/customers/{id}:customer-config"/>
        <apikit:flow-mapping resource="/customers/{id}" action="delete" flow-ref="delete:/customers/{id}:customer-config"/>
    </apikit:config>
    <db:generic-config name="Generic_Database_Configuration" url="${db.url}" driverClassName="org.sqlite.JDBC" doc:name="Generic Database Configuration" />
    <flow name="customer-main">
        <http:listener config-ref="customer-httpListenerConfig" path="/api/*" allowedMethods="GET,POST,PUT,DELETE" doc:name="HTTP"/>
        <apikit:router config-ref="customer-config1" doc:name="APIkit Router"/>
        <exception-strategy ref="customer-apiKitGlobalExceptionMapping" doc:name="Reference Exception Strategy"/>
    </flow>
    <flow name="customer-console">
        <http:listener config-ref="customer-httpListenerConfig" path="/console/*" doc:name="HTTP"/>
        <apikit:console config-ref="customer-config1" doc:name="APIkit Console"/>
    </flow>
    <flow name="put:/customers/{id}:customer-config">
        <set-property propertyName="Content-Type" value="application/json" doc:name="Property" metadata:id="1b9edb9d-52eb-49d2-acd9-f7f97a6c607a"/>
        <dw:transform-message doc:name="JsonToObj" metadata:id="50b0bb67-fca2-424f-b994-18d6eb2d74dc">
            <dw:input-payload doc:sample="customer.json" mimeType="application/json"/>
            <dw:set-payload><![CDATA[%dw 1.0
%output application/java
---
payload]]></dw:set-payload>
        </dw:transform-message>
        <db:update config-ref="Generic_Database_Configuration" doc:name="Database">
            <db:parameterized-query><![CDATA[UPDATE Customer SET
	FirstName = #[payload.name],
	LastName = #[payload.lastName],
	Address = #[payload.address],
	Email = #[payload.email],
	DateUpdated = null,
UpdatedBy = 'Rajesh'
WHERE id=#[message.inboundProperties.'http.uri.params'.id]]]></db:parameterized-query>
        </db:update>
        <set-payload value="{&quot;message&quot;:&quot;Customer has been updated successfully&quot;}" doc:name="Set Payload"/>
    </flow>
    <flow name="delete:/customers/{id}:customer-config">
        <set-payload value="{&quot;message&quot;:&quot;Customer has been deleted successfully&quot;}" doc:name="Set Payload"/>
        <db:delete config-ref="Generic_Database_Configuration" doc:name="DeleteCustomer">
            <db:parameterized-query><![CDATA[DELETE FROM Customer WHERE id=#[message.inboundProperties.'http.uri.params'.id]]]></db:parameterized-query>
        </db:delete>
    </flow>
    <flow name="get:/customers:customer-config">
        <db:select config-ref="Generic_Database_Configuration" doc:name="CustomerDBGetAll">
            <db:parameterized-query><![CDATA[SELECT * FROM Customer;]]></db:parameterized-query>
        </db:select>
        <dw:transform-message doc:name="GetResMap" metadata:id="af9784b7-1eaf-403f-aec2-59297c03be6c">
            <dw:set-payload><![CDATA[%dw 1.0
%output application/json
---
payload map ((payload01 , indexOfPayload01) -> {
	id: payload01.ID,
	name: payload01.FirstName,
	lastName: payload01.LastName,
	address: payload01.Address,
	email: payload01.Email
})]]></dw:set-payload>
        </dw:transform-message>
    </flow>
    <flow name="get:/customers/{id}:customer-config">
        <db:select config-ref="Generic_Database_Configuration" doc:name="CustomerDGGetById">
            <db:parameterized-query><![CDATA[select * from customer where id=#[id]]]></db:parameterized-query>
        </db:select>
        <choice doc:name="Choice">
            <when expression="payload==empty">
                <set-payload value="{&quot;message&quot;:&quot;Not able to locate the specified Customer&quot;}" doc:name="Set Payload"/>
                <set-property propertyName="http.status" value="404" doc:name="SetHTTP404"/>
            </when>
            <otherwise>
                <dw:transform-message doc:name="DBCusToJSONResMap">
                    <dw:set-payload><![CDATA[%dw 1.0
%output application/json
---
{
	id: payload.ID,
	name: payload.FirstName,
	lastName: payload.LastName,
	address: payload.Address,
	email: payload.Email
}]]></dw:set-payload>
                </dw:transform-message>
            </otherwise>
        </choice>
    </flow>
    <flow name="post:/customers:customer-config">
        <set-property propertyName="Content-Type" value="application/json" doc:name="SetAppProperty" metadata:id="65a020e7-61a9-4924-90db-76b725fd24a4"/>
        <dw:transform-message doc:name="PostReqMap" metadata:id="d36df402-0010-47dd-9c2d-c9c38f172f8b">
            <dw:input-payload mimeType="application/json"/>
            <dw:set-payload><![CDATA[%dw 1.0
%output application/java
---
{
	address: payload.address,
	email: payload.email,
	id: payload.id as :string,
	lastName: payload.lastName,
	name: payload.name
}]]></dw:set-payload>
        </dw:transform-message>
        <logger message="#[payload]" level="INFO" doc:name="Logger"/>
        <db:insert config-ref="Generic_Database_Configuration" doc:name="Insert">
            <db:parameterized-query><![CDATA[INSERT INTO Customer (ID, FirstName, LastName, Address, Email, DateUpdated, UpdatedBy)
VALUES (#[payload.id],#[payload.name],#[payload.lastName],#[payload.address],#[payload.email],'','Rajesh');]]></db:parameterized-query>
        </db:insert>
        <set-payload value="{&quot;message&quot;:&quot;Customer has been created successfully&quot;}" doc:name="Set Payload"/>
    </flow>
    <apikit:mapping-exception-strategy name="customer-apiKitGlobalExceptionMapping">
        <apikit:mapping statusCode="404">
            <apikit:exception value="org.mule.module.apikit.exception.NotFoundException" />
            <set-property propertyName="Content-Type" value="application/json" doc:name="Property"/>
            <set-payload value="{ &quot;message&quot;: &quot;Resource not found&quot; }" doc:name="Set Payload"/>
        </apikit:mapping>
        <apikit:mapping statusCode="405">
            <apikit:exception value="org.mule.module.apikit.exception.MethodNotAllowedException" />
            <set-property propertyName="Content-Type" value="application/json" doc:name="Property"/>
            <set-payload value="{ &quot;message&quot;: &quot;Method not allowed&quot; }" doc:name="Set Payload"/>
        </apikit:mapping>
        <apikit:mapping statusCode="415">
            <apikit:exception value="org.mule.module.apikit.exception.UnsupportedMediaTypeException" />
            <set-property propertyName="Content-Type" value="application/json" doc:name="Property"/>
            <set-payload value="{ &quot;message&quot;: &quot;Unsupported media type&quot; }" doc:name="Set Payload"/>
        </apikit:mapping>
        <apikit:mapping statusCode="406">
            <apikit:exception value="org.mule.module.apikit.exception.NotAcceptableException" />
            <set-property propertyName="Content-Type" value="application/json" doc:name="Property"/>
            <set-payload value="{ &quot;message&quot;: &quot;Not acceptable&quot; }" doc:name="Set Payload"/>
        </apikit:mapping>
        <apikit:mapping statusCode="400">
            <apikit:exception value="org.mule.module.apikit.exception.BadRequestException" />
            <set-property propertyName="Content-Type" value="application/json" doc:name="Property"/>
            <set-payload value="{ &quot;message&quot;: &quot;Bad request&quot; }" doc:name="Set Payload"/>
        </apikit:mapping>
    </apikit:mapping-exception-strategy>
</mule>
